Abyssinian,Cat,Egypt,Medium; males 3.5-5 kg,12-15 years,"Active, playful, and intelligent",Short,"Various colors including ruddy, red, and blue",Minimal grooming,Moderate exercise; enjoys active play,Highly trainable with patience and consistency,"Curious, social, and affectionate",Prone to dental issues and kidney disease,"4,567"
American Bobtail,Cat,United States,Medium; males and females 3.5-5 kg,13-15 years,"Friendly, playful, and intelligent",Short or long,"Various colors including brown, black, and white",Regular grooming,Moderate exercise; enjoys interactive play,Trainable with positive reinforcement,"Lively, affectionate, and good with children",Prone to certain genetic disorders,"3,678"
American Shorthair,Cat,United States,Medium; males 4.5-5.5 kg,15-20 years,"Easygoing, friendly, and adaptable",Short,"Various colors including silver tabby, black, and blue",Minimal grooming,Low to moderate exercise; enjoys playtime,Moderately trainable with patience,"Gentle, affectionate, and good with families",Prone to obesity and dental issues,"4,123"
Balinese,Cat,United States,Medium; males 3.5-5 kg,15-20 years,"Playful, affectionate, and vocal",Long,"Various colors including cream, blue, and sable",Regular grooming,Moderate exercise; enjoys interactive play,Trainable with positive reinforcement,"Lively, affectionate, and good with children",Prone to certain genetic disorders and dental issues,"6,789"
Bengal,Cat,United States,Medium; males 4.5-5.5 kg,12-16 years,"Active, playful, and curious",Short,"Various colors including spotted, marbled, and rosette",Minimal grooming,High exercise; enjoys active play,Trainable with patience and consistency,"Energetic, playful, and intelligent",Prone to certain genetic disorders,"5,234"
Birman,Cat,Myanmar,Medium; males 4-6 kg,12-16 years,"Gentle, affectionate, and playful",Long,"Various colors including blue, seal, and lilac",Regular grooming,Moderate exercise; enjoys playtime,Trainable with positive reinforcement,"Affectionate, social, and good with families",Prone to certain genetic disorders and kidney disease,"7,345"
British Shorthair,Cat,United Kingdom,Large; males 4.5-7 kg,12-20 years,"Calm, easygoing, and friendly",Short,"Various colors including blue, black, and cream",Minimal grooming,Low to moderate exercise; enjoys relaxed play,Moderately trainable with patience,"Gentle, affectionate, and good with children",Prone to obesity and dental issues,"6,456"
Burmese,Cat,Burma,Medium; males 3.5-5 kg,12-16 years,"Affectionate, playful, and intelligent",Short,"Various colors including sable, champagne, and blue",Minimal grooming,Moderate exercise; enjoys interactive play,Trainable with positive reinforcement,"Affectionate, social, and playful",Prone to certain genetic disorders and dental issues,"5,678"
Chartreux,Cat,France,Medium; males 4-6 kg,12-15 years,"Quiet, affectionate, and intelligent",Short,"Various colors including blue, gray, and silver",Minimal grooming,Low to moderate exercise; enjoys playtime,Trainable with patience and positive reinforcement,"Gentle, affectionate, and good with families",Prone to certain genetic disorders and obesity,"4,890"
Cornish Rex,Cat,United Kingdom,Medium; males 3-5 kg,12-15 years,"Playful, affectionate, and active",Short,"Various colors including black, white, and blue",Minimal grooming,High exercise; enjoys active play,Highly trainable with patience and positive reinforcement,"Energetic, playful, and social",Prone to certain genetic disorders and skin issues,"5,456"
Devon Rex,Cat,United Kingdom,Medium; males 3-5 kg,12-15 years,"Playful, affectionate, and curious",Short,"Various colors including black, white, and cream",Minimal grooming,High exercise; enjoys active play,Highly trainable with positive reinforcement,"Lively, affectionate, and social",Prone to certain genetic disorders and skin issues,"6,789"
Egyptian Mau,Cat,Egypt,Medium; males 4-5 kg,12-15 years,"Active, playful, and intelligent",Short,"Various colors including silver, bronze, and smoke",Minimal grooming,Moderate to high exercise; enjoys active play,Trainable with patience and positive reinforcement,"Energetic, affectionate, and social",Prone to certain genetic disorders and dental issues,"7,123"
European Shorthair,Cat,Europe,Medium; males 3.5-5 kg,12-15 years,"Friendly, adaptable, and intelligent",Short,"Various colors including tabby, black, and gray",Minimal grooming,Moderate exercise; enjoys playtime,Moderately trainable with patience,"Gentle, affectionate, and good with families",Prone to obesity and dental issues,"4,567"
Exotic Shorthair,Cat,United States,Medium; males 4-6 kg,12-15 years,"Easygoing, affectionate, and playful",Short,"Various colors including tabby, blue, and cream",Regular grooming,Low to moderate exercise; enjoys relaxed play,Moderately trainable with patience,"Gentle, affectionate, and good with families",Prone to certain genetic disorders and respiratory issues,"5,678"
Havana Brown,Cat,United States,Medium; males 3.5-5 kg,12-15 years,"Affectionate, playful, and curious",Short,"Various colors including brown, sable, and chocolate",Minimal grooming,Moderate exercise; enjoys playtime,Trainable with patience and positive reinforcement,"Lively, affectionate, and social",Prone to certain genetic disorders and dental issues,"5,789"
Himalayan,Cat,United States,Large; males 4.5-6 kg,12-15 years,"Gentle, affectionate, and playful",Long,"Various colors including cream, blue, and lilac",Regular grooming,Low to moderate exercise; enjoys relaxed play,Trainable with patience and positive reinforcement,"Calm, affectionate, and good with families",Prone to certain genetic disorders and respiratory issues,"6,890"
Japanese Bobtail,Cat,Japan,Medium; males 3.5-5 kg,13-15 years,"Playful, affectionate, and intelligent",Short,"Various colors including white, black, and red",Minimal grooming,Moderate exercise; enjoys playtime,Trainable with positive reinforcement,"Lively, affectionate, and good with families",Prone to certain genetic disorders,"4,123"
Khao Manee,Cat,Thailand,Medium; males 3.5-5 kg,12-15 years,"Affectionate, playful, and intelligent",Short,White,Minimal grooming,Moderate exercise; enjoys interactive play,Trainable with positive reinforcement,"Gentle, affectionate, and social",Prone to certain genetic disorders and dental issues,"5,234"
Kurilian Bobtail,Cat,Russia,Medium; males 4-6 kg,12-15 years,"Friendly, playful, and intelligent",Short or long,"Various colors including tabby, white, and black",Regular grooming,Moderate exercise; enjoys interactive play,Moderately trainable with patience,"Lively, affectionate, and good with families",Prone to certain genetic disorders,"6,345"
LaPerm,Cat,United States,Medium; males 3.5-5 kg,12-15 years,"Affectionate, playful, and intelligent",Curly,"Various colors including red, black, and white",Regular grooming,Moderate exercise; enjoys playtime,Trainable with patience and positive reinforcement,"Lively, affectionate, and social",Prone to certain genetic disorders and skin issues,"5,456"
Maine Coon,Cat,United States,Large; males 5-8 kg,12-15 years,"Friendly, playful, and intelligent",Long,"Various colors including tabby, black, and red",Regular grooming,High exercise; enjoys active play,Trainable with patience and consistency,"Gentle, affectionate, and good with families",Prone to certain genetic disorders and obesity,"7,890"
Manx,Cat,Isle of Man,Medium; males 3.5-5 kg,10-14 years,"Gentle, playful, and intelligent",Short or long,"Various colors including black, white, and gray",Minimal grooming,Moderate exercise; enjoys playtime,Trainable with patience and positive reinforcement,"Lively, affectionate, and good with families",Prone to certain genetic disorders and spinal issues,"4,567"
Munchkin,Cat,United States,Small; males 2.5-4 kg,12-15 years,"Playful, affectionate, and intelligent",Short or long,"Various colors including tabby, black, and white",Regular grooming,Moderate exercise; enjoys playtime,Trainable with patience and positive reinforcement,"Curious, social, and affectionate",Prone to certain genetic disorders,"5,678"
Nebelung,Cat,United States,Medium; males 3.5-5 kg,15-20 years,"Gentle, affectionate, and playful",Long,"Various colors including blue, silver, and gray",Regular grooming,Moderate exercise; enjoys playtime,Trainable with patience and positive reinforcement,"Affectionate, social, and good with families",Prone to certain genetic disorders and dental issues,"6,789"
Norwegian Forest Cat,Cat,Norway,Large; males 5-7 kg,12-16 years,"Friendly, playful, and intelligent",Long,"Various colors including tabby, black, and red",Regular grooming,High exercise; enjoys active play,Trainable with patience and positive reinforcement,"Lively, affectionate, and good with families",Prone to certain genetic disorders and obesity,"7,123"
Ocicat,Cat,United States,Medium; males 4-5 kg,12-15 years,"Active, playful, and intelligent",Short,"Various colors including spotted, marbled, and rosette",Minimal grooming,Moderate to high exercise; enjoys active play,Trainable with patience and positive reinforcement,"Energetic, social, and affectionate",Prone to certain genetic disorders,"5,678"
Oriental Shorthair,Cat,United States,Medium; males 3.5-5 kg,12-15 years,"Affectionate, playful, and intelligent",Short,"Various colors including black, white, and red",Minimal grooming,Moderate exercise; enjoys interactive play,Trainable with positive reinforcement,"Lively, affectionate, and social",Prone to certain genetic disorders and dental issues,"6,789"
Persian,Cat,Iran,Large; males 4.5-6 kg,12-15 years,"Gentle, affectionate, and playful",Long,"Various colors including white, black, and red",Regular grooming,Low to moderate exercise; enjoys relaxed play,Trainable with patience and positive reinforcement,"Calm, affectionate, and good with families",Prone to certain genetic disorders and respiratory issues,"7,890"
Ragdoll,Cat,United States,Large; males 4.5-7 kg,12-16 years,"Gentle, affectionate, and playful",Long,"Various colors including blue, seal, and lilac",Regular grooming,Moderate exercise; enjoys interactive play,Trainable with positive reinforcement,"Lively, affectionate, and good with families",Prone to certain genetic disorders and dental issues,"6,456"
Russian Blue,Cat,Russia,Medium; males 3.5-5 kg,15-20 years,"Gentle, intelligent, and reserved",Short,Blue-gray,Minimal grooming,Low to moderate exercise; enjoys relaxed play,Moderately trainable with patience,"Calm, affectionate, and good with families",Prone to certain genetic disorders and dental issues,"5,678"
Savannah,Cat,United States,Medium; males 4-6 kg,12-20 years,"Active, playful, and intelligent",Short,"Various colors including spotted, marbled, and rosette",Minimal grooming,High exercise; enjoys active play,Trainable with patience and consistency,"Energetic, social, and affectionate",Prone to certain genetic disorders,"7,123"
Scottish Fold,Cat,United Kingdom,Medium; males 3.5-5 kg,12-15 years,"Gentle, affectionate, and playful",Short or long,"Various colors including white, black, and tabby",Regular grooming,Low to moderate exercise; enjoys playtime,Trainable with patience and positive reinforcement,"Calm, affectionate, and good with families",Prone to certain genetic disorders,"5,789"
Siberian,Cat,Russia,Large; males 5-7 kg,12-15 years,"Friendly, playful, and intelligent",Long,"Various colors including tabby, black, and red",Regular grooming,Moderate to high exercise; enjoys interactive play,Trainable with patience and positive reinforcement,"Lively, affectionate, and good with families",Prone to certain genetic disorders and obesity,"6,890"
Siamese,Cat,Thailand,Medium; males 3.5-5 kg,12-15 years,"Affectionate, playful, and vocal",Short,"Various colors including seal, blue, and lilac",Minimal grooming,Moderate exercise; enjoys interactive play,Trainable with patience and positive reinforcement,"Lively, social, and affectionate",Prone to certain genetic disorders and dental issues,"5,234"
Singapura,Cat,Singapore,Small; males 2-4 kg,12-15 years,"Playful, affectionate, and intelligent",Short,"Various colors including sepia, champagne, and silver",Minimal grooming,Moderate exercise; enjoys interactive play,Trainable with positive reinforcement,"Lively, social, and affectionate",Prone to certain genetic disorders and dental issues,"5,678"
Somali,Cat,Ethiopia,Medium; males 4-5 kg,12-15 years,"Active, playful, and intelligent",Short,"Various colors including ruddy, red, and blue",Minimal grooming,Moderate exercise; enjoys interactive play,Trainable with patience and positive reinforcement,"Energetic, social, and affectionate",Prone to certain genetic disorders and dental issues,"6,789"
Sphynx,Cat,Canada,Medium; males 3.5-5 kg,12-15 years,"Affectionate, playful, and intelligent",Hairless,"Various colors including black, white, and cream",Minimal grooming,Moderate exercise; enjoys playtime,Trainable with patience and positive reinforcement,"Lively, affectionate, and social",Prone to certain genetic disorders and skin issues,"7,890"
Turkish Angora,Cat,Turkey,Medium; males 3.5-5 kg,12-15 years,"Playful, affectionate, and intelligent",Long,"Various colors including white, black, and red",Regular grooming,Moderate exercise; enjoys interactive play,Trainable with patience and positive reinforcement,"Energetic, social, and affectionate",Prone to certain genetic disorders,"5,234"
Turkish Van,Cat,Turkey,Large; males 4.5-6 kg,12-15 years,"Playful, affectionate, and intelligent",Long,"Various colors including white, red, and cream",Regular grooming,Moderate exercise; enjoys interactive play,Trainable with patience and positive reinforcement,"Lively, affectionate, and good with families",Prone to certain genetic disorders,"6,345"
York Chocolate,Cat,United States,Medium; males 3.5-5 kg,12-15 years,"Gentle, affectionate, and playful",Short,"Various colors including chocolate, black, and lavender",Minimal grooming,Moderate exercise; enjoys playtime,Trainable with patience and positive reinforcement,"Gentle, affectionate, and good with families",Prone to certain genetic disorders,"5,456"
Manx,Cat,Isle of Man,Medium; males 3.5-5 kg,10-14 years,"Gentle, playful, and intelligent",Short or long,"Various colors including black, white, and gray",Minimal grooming,Moderate exercise; enjoys playtime,Trainable with patience and positive reinforcement,"Lively, affectionate, and good with families",Prone to certain genetic disorders and spinal issues,"4,567"
Persian,Cat,Iran,Large; males 4.5-6 kg,12-15 years,"Gentle, affectionate, and playful",Long,"Various colors including white, black, and red",Regular grooming,Low to moderate exercise; enjoys relaxed play,Trainable with patience and positive reinforcement,"Calm, affectionate, and good with families",Prone to certain genetic disorders and respiratory issues,"7,890"
Siberian,Cat,Russia,Large; males 5-7 kg,12-15 years,"Friendly, playful, and intelligent",Long,"Various colors including tabby, black, and red",Regular grooming,Moderate to high exercise; enjoys interactive play,Trainable with patience and positive reinforcement,"Lively, affectionate, and good with families",Prone to certain genetic disorders and obesity,"6,890"
Akita,Dog,Japan,Large; males 40-60 kg,10-15 years,"Loyal, brave, and reserved",Short,"Various colors including white, brindle, and red",Regular grooming,Moderate exercise; enjoys daily walks,Trainable with patience and consistency,"Loyal, protective, and dignified",Prone to hip dysplasia and thyroid issues,"1,200"
Beagle,Dog,United Kingdom,Medium; males 9-11 kg,12-15 years,"Friendly, curious, and merry",Short,"Various colors including tricolor, lemon, and red",Minimal grooming,High exercise; enjoys playtime and walks,Trainable with patience and consistency,"Affectionate, playful, and good with families",Prone to obesity and ear infections,600
Border Collie,Dog,United Kingdom,Medium; males 14-20 kg,12-15 years,"Intelligent, energetic, and hardworking",Short,"Various colors including black and white, blue merle, and red",Regular grooming,High exercise; requires mental stimulation,Highly trainable with positive reinforcement,"Active, intelligent, and loyal",Prone to hip dysplasia and eye issues,800
Boxer,Dog,Germany,Large; males 30-40 kg,10-12 years,"Energetic, playful, and affectionate",Short,"Various colors including brindle, fawn, and white",Minimal grooming,High exercise; enjoys playtime and walks,Trainable with patience and consistency,"Lively, affectionate, and good with families",Prone to heart issues and cancers,"1,000"
Bulldog,Dog,United Kingdom,Medium; males 23-25 kg,8-12 years,"Calm, courageous, and friendly",Short,"Various colors including white, brindle, and red",Minimal grooming,Low exercise; enjoys short walks,Trainable with patience and positive reinforcement,"Gentle, loyal, and good with families",Prone to breathing issues and skin conditions,900
Cocker Spaniel,Dog,United Kingdom,Medium; males 11-14 kg,12-15 years,"Affectionate, gentle, and friendly",Long,"Various colors including black, golden, and brown",Regular grooming,Moderate exercise; enjoys walks and playtime,Trainable with patience and positive reinforcement,"Gentle, playful, and good with families",Prone to ear infections and eye issues,800
Dachshund,Dog,Germany,Small; males 4-6 kg,12-16 years,"Lively, curious, and brave",Short or long,"Various colors including black, tan, and red",Minimal grooming,Moderate exercise; enjoys playtime and short walks,Trainable with patience and consistency,"Affectionate, energetic, and good with families",Prone to back issues and dental problems,700
Doberman Pinscher,Dog,Germany,Large; males 30-40 kg,10-12 years,"Intelligent, loyal, and alert",Short,"Various colors including black and tan, blue and tan, and red and tan",Minimal grooming,High exercise; requires daily activity,Highly trainable with positive reinforcement,"Lively, protective, and good with families",Prone to heart issues and hip dysplasia,"1,200"
German Shepherd,Dog,Germany,Large; males 30-40 kg,9-13 years,"Loyal, intelligent, and courageous",Short,"Various colors including black and tan, sable, and black",Regular grooming,High exercise; enjoys walks and playtime,Highly trainable with positive reinforcement,"Loyal, protective, and good with families",Prone to hip dysplasia and elbow dysplasia,"1,000"
Golden Retriever,Dog,United Kingdom,Large; males 30-34 kg,10-12 years,"Friendly, intelligent, and devoted",Short,"Various colors including golden, cream, and red",Regular grooming,Moderate to high exercise; enjoys walks and playtime,Highly trainable with positive reinforcement,"Affectionate, loyal, and good with families",Prone to hip dysplasia and cancer,"1,200"
Great Dane,Dog,Germany,Very Large; males 50-90 kg,7-10 years,"Gentle, friendly, and courageous",Short,"Various colors including blue, black, and fawn",Minimal grooming,Moderate to high exercise; enjoys walks and playtime,Trainable with patience and positive reinforcement,"Gentle, loyal, and good with families",Prone to bloat and joint issues,"1,500"
Labrador Retriever,Dog,Canada,Large; males 29-36 kg,10-12 years,"Friendly, outgoing, and intelligent",Short,"Various colors including black, yellow, and chocolate",Minimal grooming,High exercise; enjoys walks and playtime,Highly trainable with positive reinforcement,"Affectionate, loyal, and good with families",Prone to obesity and hip dysplasia,"1,000"
Maltese,Dog,Mediterranean,Small; males 3-4 kg,12-15 years,"Affectionate, playful, and gentle",Long,White,Regular grooming,Low to moderate exercise; enjoys playtime,Trainable with patience and positive reinforcement,"Gentle, affectionate, and good with families",Prone to dental issues and skin problems,"1,200"
Poodle,Dog,France,Medium; males 7-10 kg,12-15 years,"Intelligent, active, and alert",Curly,"Various colors including white, black, and apricot",Regular grooming,Moderate to high exercise; enjoys playtime and walks,Highly trainable with positive reinforcement,"Lively, intelligent, and good with families",Prone to certain genetic disorders,"1,000"
Pug,Dog,China,Small; males 6-9 kg,12-15 years,"Friendly, charming, and playful",Short,"Various colors including fawn, black, and silver",Minimal grooming,Low exercise; enjoys short walks and playtime,Trainable with patience and positive reinforcement,"Affectionate, playful, and good with families",Prone to breathing issues and obesity,800
Rottweiler,Dog,Germany,Large; males 40-60 kg,8-10 years,"Loyal, confident, and courageous",Short,Various colors including black and tan,Minimal grooming,Moderate to high exercise; enjoys walks and playtime,Trainable with patience and consistency,"Loyal, protective, and good with families",Prone to hip dysplasia and heart issues,"1,200"
Schnauzer,Dog,Germany,Medium; males 5-8 kg,12-15 years,"Intelligent, alert, and energetic",Short,"Various colors including salt and pepper, black, and white",Minimal grooming,Moderate exercise; enjoys playtime and walks,Trainable with patience and positive reinforcement,"Lively, loyal, and good with families",Prone to certain genetic disorders,900
Shih Tzu,Dog,Tibet,Small; males 4-7 kg,10-16 years,"Affectionate, friendly, and outgoing",Long,"Various colors including white, black, and gold",Regular grooming,Low to moderate exercise; enjoys short walks and playtime,Trainable with patience and positive reinforcement,"Gentle, playful, and good with families",Prone to respiratory issues and eye problems,"1,000"
Siberian Husky,Dog,Russia,Large; males 20-27 kg,12-15 years,"Energetic, friendly, and intelligent",Short,"Various colors including gray, black, and red",Minimal grooming,High exercise; enjoys running and playtime,Trainable with patience and positive reinforcement,"Lively, playful, and good with families",Prone to hip dysplasia and eye issues,"1,200"
Yorkshire Terrier,Dog,United Kingdom,Small; males 2-3 kg,12-15 years,"Affectionate, brave, and energetic",Long,Various colors including blue and tan,Regular grooming,Low to moderate exercise; enjoys playtime,Trainable with patience and positive reinforcement,"Lively, affectionate, and good with families",Prone to dental issues and skin problems,"1,200"
Australian Shepherd,Dog,United States,Medium; males 18-25 kg,12-15 years,"Intelligent, energetic, and loyal",Short or long,"Various colors including blue merle, black, and red",Regular grooming,High exercise; enjoys playtime and running,Highly trainable with positive reinforcement,"Lively, intelligent, and good with families",Prone to hip dysplasia and eye issues,"1,200"
Basset Hound,Dog,France,Medium; males 20-29 kg,10-12 years,"Loyal, gentle, and affectionate",Short,"Various colors including tricolor, lemon, and red",Minimal grooming,Moderate exercise; enjoys walks and playtime,Trainable with patience and positive reinforcement,"Gentle, affectionate, and good with families",Prone to ear infections and obesity,800
Bernese Mountain Dog,Dog,Switzerland,Large; males 35-50 kg,7-10 years,"Gentle, affectionate, and loyal",Long,"Various colors including black, white, and rust",Regular grooming,Moderate exercise; enjoys walks and playtime,Trainable with patience and positive reinforcement,"Gentle, loyal, and good with families",Prone to hip dysplasia and cancer,"1,500"
Bloodhound,Dog,United States,Large; males 36-50 kg,9-11 years,"Friendly, affectionate, and persistent",Short,"Various colors including red, black and tan, and liver",Minimal grooming,High exercise; enjoys running and playtime,Trainable with patience and positive reinforcement,"Loyal, gentle, and good with families",Prone to ear infections and hip dysplasia,"1,000"
Boston Terrier,Dog,United States,Small; males 6-11 kg,11-15 years,"Friendly, lively, and intelligent",Short,"Various colors including black, brindle, and white",Minimal grooming,Low to moderate exercise; enjoys short walks and playtime,Trainable with patience and positive reinforcement,"Affectionate, playful, and good with families",Prone to respiratory issues and eye problems,900
Bull Terrier,Dog,United Kingdom,Medium; males 23-35 kg,10-14 years,"Energetic, playful, and determined",Short,"Various colors including white, black, and brindle",Minimal grooming,Moderate exercise; enjoys playtime and walks,Trainable with patience and consistency,"Lively, energetic, and good with families",Prone to certain genetic disorders and skin issues,"1,000"
Cavalier King Charles Spaniel,Dog,United Kingdom,Small; males 5-8 kg,9-14 years,"Affectionate, gentle, and friendly",Long,"Various colors including blenheim, ruby, and black and tan",Regular grooming,Low to moderate exercise; enjoys playtime and short walks,Trainable with patience and positive reinforcement,"Gentle, affectionate, and good with families",Prone to heart issues and eye problems,"1,200"
Chihuahua,Dog,Mexico,Small; males 1.5-3 kg,12-20 years,"Lively, brave, and affectionate",Short or long,"Various colors including fawn, black, and white",Minimal grooming,Low exercise; enjoys playtime and short walks,Trainable with patience and positive reinforcement,"Lively, affectionate, and good with families",Prone to dental issues and patellar luxation,800
Chinese Crested,Dog,China,Small; males 2-5 kg,10-15 years,"Affectionate, lively, and alert",Hairless or powderpuff,"Various colors including pink, black, and white",Minimal grooming,Low exercise; enjoys short walks and playtime,Trainable with patience and positive reinforcement,"Lively, affectionate, and good with families",Prone to skin issues and dental problems,"1,000"
Chow Chow,Dog,China,Medium; males 20-32 kg,8-12 years,"Loyal, independent, and aloof",Short or long,"Various colors including red, blue, and black",Regular grooming,Moderate exercise; enjoys walks and playtime,Trainable with patience and consistency,"Loyal, dignified, and good with families",Prone to hip dysplasia and eye problems,"1,200"
Collie,Dog,United Kingdom,Large; males 27-45 kg,12-14 years,"Gentle, loyal, and intelligent",Long,"Various colors including sable, merle, and tri-color",Regular grooming,Moderate exercise; enjoys playtime and walks,Trainable with patience and positive reinforcement,"Lively, affectionate, and good with families",Prone to eye issues and hip dysplasia,"1,000"
Dalmatian,Dog,Croatia,Medium; males 20-30 kg,10-13 years,"Energetic, intelligent, and friendly",Short,White with black or liver spots,Minimal grooming,High exercise; enjoys running and playtime,Trainable with patience and positive reinforcement,"Lively, affectionate, and good with families",Prone to deafness and urinary issues,"1,000"
English Setter,Dog,United Kingdom,Large; males 25-36 kg,10-15 years,"Gentle, friendly, and energetic",Long,"Various colors including liver and white, blue and white",Regular grooming,Moderate to high exercise; enjoys running and playtime,Trainable with patience and positive reinforcement,"Gentle, loyal, and good with families",Prone to hip dysplasia and eye issues,"1,000"
Finnish Spitz,Dog,Finland,Medium; males 9-13 kg,12-15 years,"Lively, alert, and friendly",Short,"Various colors including red, gold, and brown",Minimal grooming,Moderate exercise; enjoys playtime and walks,Trainable with patience and positive reinforcement,"Lively, intelligent, and good with families",Prone to certain genetic disorders,800
French Bulldog,Dog,France,Small; males 8-14 kg,10-12 years,"Affectionate, playful, and alert",Short,"Various colors including brindle, fawn, and white",Minimal grooming,Low to moderate exercise; enjoys short walks and playtime,Trainable with patience and positive reinforcement,"Lively, playful, and good with families",Prone to breathing issues and skin problems,"1,200"
German Shorthaired Pointer,Dog,Germany,Large; males 25-32 kg,12-14 years,"Energetic, intelligent, and versatile",Short,"Various colors including liver and white, black and white",Minimal grooming,High exercise; enjoys running and playtime,Highly trainable with positive reinforcement,"Lively, intelligent, and good with families",Prone to hip dysplasia and eye issues,"1,000"
Giant Schnauzer,Dog,Germany,Large; males 35-50 kg,10-12 years,"Loyal, intelligent, and confident",Short,"Various colors including black, salt and pepper",Minimal grooming,Moderate to high exercise; enjoys playtime and walks,Trainable with patience and positive reinforcement,"Lively, protective, and good with families",Prone to certain genetic disorders,"1,200"
Goldador,Dog,United States,Large; males 30-36 kg,10-15 years,"Friendly, intelligent, and outgoing",Short,"Various colors including golden, black, and chocolate",Minimal grooming,High exercise; enjoys playtime and walks,Highly trainable with positive reinforcement,"Lively, affectionate, and good with families",Prone to obesity and hip dysplasia,"1,000"
Gordon Setter,Dog,United Kingdom,Large; males 25-36 kg,10-12 years,"Gentle, friendly, and energetic",Long,Various colors including black and tan,Regular grooming,Moderate to high exercise; enjoys running and playtime,Trainable with patience and positive reinforcement,"Gentle, loyal, and good with families",Prone to hip dysplasia and eye issues,"1,000"
Greyhound,Dog,Egypt,Large; males 27-40 kg,10-14 years,"Gentle, friendly, and intelligent",Short,"Various colors including black, fawn, and white",Minimal grooming,Moderate exercise; enjoys short runs and playtime,Trainable with patience and positive reinforcement,"Gentle, affectionate, and good with families",Prone to bloat and joint issues,"1,000"
Irish Setter,Dog,Ireland,Large; males 27-32 kg,12-15 years,"Friendly, energetic, and intelligent",Long,"Various colors including chestnut, mahogany",Regular grooming,Moderate to high exercise; enjoys running and playtime,Trainable with patience and positive reinforcement,"Lively, affectionate, and good with families",Prone to hip dysplasia and eye issues,"1,200"
Irish Terrier,Dog,Ireland,Medium; males 11-13 kg,12-15 years,"Brave, affectionate, and energetic",Short,"Various colors including red, grizzle and tan",Minimal grooming,Moderate exercise; enjoys playtime and walks,Trainable with patience and positive reinforcement,"Lively, intelligent, and good with families",Prone to certain genetic disorders,900
Jack Russell Terrier,Dog,United Kingdom,Small; males 5-8 kg,13-16 years,"Energetic, intelligent, and fearless",Short,"Various colors including white, black, and brown",Minimal grooming,High exercise; enjoys running and playtime,Trainable with patience and consistency,"Lively, playful, and good with families",Prone to dental issues and allergies,800
Keeshond,Dog,Netherlands,Medium; males 16-20 kg,12-15 years,"Friendly, alert, and playful",Long,"Various colors including gray, black, and tan",Regular grooming,Moderate exercise; enjoys playtime and walks,Trainable with patience and positive reinforcement,"Lively, intelligent, and good with families",Prone to certain genetic disorders,900
Kerry Blue Terrier,Dog,Ireland,Medium; males 14-20 kg,12-15 years,"Intelligent, energetic, and loyal",Curly,"Various colors including blue, black, and brown",Regular grooming,Moderate exercise; enjoys playtime and walks,Trainable with patience and positive reinforcement,"Lively, intelligent, and good with families",Prone to certain genetic disorders,"1,000"
Komondor,Dog,Hungary,Large; males 40-60 kg,10-12 years,"Loyal, protective, and independent",Long,White,Regular grooming,Moderate exercise; enjoys playtime and walks,Trainable with patience and positive reinforcement,"Lively, protective, and good with families",Prone to certain genetic disorders,"1,500"
Labradoodle,Dog,Australia,Medium; males 25-35 kg,12-14 years,"Friendly, intelligent, and outgoing",Curly or wavy,"Various colors including black, yellow, and chocolate",Regular grooming,Moderate to high exercise; enjoys playtime and walks,Highly trainable with positive reinforcement,"Lively, affectionate, and good with families",Prone to hip dysplasia and allergies,"1,200"
Lhasa Apso,Dog,Tibet,Small; males 5-8 kg,12-15 years,"Affectionate, alert, and loyal",Long,"Various colors including gold, white, and black",Regular grooming,Low to moderate exercise; enjoys playtime and short walks,Trainable with patience and positive reinforcement,"Gentle, loyal, and good with families",Prone to eye issues and skin problems,"1,000"
Mastiff,Dog,England,Large; males 50-80 kg,6-10 years,"Loyal, gentle, and protective",Short,"Various colors including brindle, fawn, and apricot",Minimal grooming,Moderate exercise; enjoys short walks,Trainable with patience and positive reinforcement,"Gentle, protective, and good with families",Prone to bloat and joint issues,"1,500"
Miniature Schnauzer,Dog,Germany,Small; males 5-8 kg,12-15 years,"Alert, friendly, and intelligent",Short,"Various colors including salt and pepper, black, and white",Minimal grooming,Moderate exercise; enjoys playtime and short walks,Trainable with patience and positive reinforcement,"Lively, intelligent, and good with families",Prone to certain genetic disorders,900
Newfoundland,Dog,Canada,Large; males 45-68 kg,8-10 years,"Gentle, sweet, and calm",Long,"Various colors including black, brown, and Landseer",Regular grooming,Moderate exercise; enjoys playtime and walks,Trainable with patience and positive reinforcement,"Gentle, affectionate, and good with families",Prone to hip dysplasia and heart issues,"1,500"
Papillon,Dog,France,Small; males 4-5 kg,12-16 years,"Lively, intelligent, and affectionate",Long,"Various colors including white, black, and tan",Regular grooming,Moderate exercise; enjoys playtime and short walks,Trainable with patience and positive reinforcement,"Lively, intelligent, and good with families",Prone to dental issues and allergies,"1,000"
Pomeranian,Dog,Germany,Small; males 1.5-3 kg,12-16 years,"Lively, affectionate, and playful",Long,"Various colors including orange, black, and cream",Regular grooming,Low to moderate exercise; enjoys playtime and short walks,Trainable with patience and positive reinforcement,"Affectionate, playful, and good with families",Prone to dental issues and luxating patellas,"1,200"
Puli,Dog,Hungary,Medium; males 13-16 kg,10-15 years,"Energetic, intelligent, and loyal",Long,"Various colors including black, white, and gray",Regular grooming,Moderate to high exercise; enjoys playtime and walks,Trainable with patience and positive reinforcement,"Lively, intelligent, and good with families",Prone to certain genetic disorders,"1,200"
Saint Bernard,Dog,Switzerland,Very Large; males 64-82 kg,8-10 years,"Gentle, friendly, and protective",Short or long,"Various colors including white and brown, red and white",Minimal grooming,Moderate exercise; enjoys short walks and playtime,Trainable with patience and positive reinforcement,"Gentle, affectionate, and good with families",Prone to bloat and hip dysplasia,"1,500"
Saluki,Dog,Egypt,Large; males 20-30 kg,12-14 years,"Gentle, reserved, and independent",Short,"Various colors including tan, black, and white",Minimal grooming,Moderate exercise; enjoys running and playtime,Trainable with patience and positive reinforcement,"Gentle, reserved, and good with families",Prone to certain genetic disorders,"1,000"
Samoyed,Dog,Russia,Large; males 23-30 kg,12-14 years,"Friendly, gentle, and playful",Long,White,Regular grooming,Moderate to high exercise; enjoys playtime and walks,Trainable with patience and positive reinforcement,"Lively, affectionate, and good with families",Prone to hip dysplasia and eye problems,"1,500"
Scottish Terrier,Dog,United Kingdom,Small; males 8-10 kg,12-15 years,"Confident, alert, and loyal",Short,"Various colors including black, brindle, and wheaten",Minimal grooming,Low to moderate exercise; enjoys short walks and playtime,Trainable with patience and positive reinforcement,"Lively, loyal, and good with families",Prone to certain genetic disorders,"1,000"
Shiba Inu,Dog,Japan,Small; males 8-10 kg,12-15 years,"Independent, alert, and spirited",Short,"Various colors including red, sesame, and black",Minimal grooming,Moderate exercise; enjoys playtime and walks,Trainable with patience and positive reinforcement,"Lively, independent, and good with families",Prone to certain genetic disorders,"1,200"
Shetland Sheepdog,Dog,United Kingdom,Medium; males 6-12 kg,12-14 years,"Intelligent, energetic, and affectionate",Long,"Various colors including sable, blue merle, and black",Regular grooming,Moderate to high exercise; enjoys playtime and walks,Highly trainable with positive reinforcement,"Lively, intelligent, and good with families",Prone to hip dysplasia and eye issues,"1,200"
Staffordshire Bull Terrier,Dog,United Kingdom,Medium; males 11-17 kg,12-14 years,"Loyal, brave, and affectionate",Short,"Various colors including blue, brindle, and red",Minimal grooming,Moderate exercise; enjoys playtime and walks,Trainable with patience and positive reinforcement,"Lively, affectionate, and good with families",Prone to certain genetic disorders,"1,000"
Standard Schnauzer,Dog,Germany,Medium; males 14-20 kg,12-15 years,"Intelligent, alert, and loyal",Short,"Various colors including salt and pepper, black",Minimal grooming,Moderate exercise; enjoys playtime and walks,Trainable with patience and positive reinforcement,"Lively, intelligent, and good with families",Prone to certain genetic disorders,"1,000"
Vizsla,Dog,Hungary,Medium; males 20-30 kg,12-14 years,"Energetic, loyal, and affectionate",Short,"Various colors including rust, golden",Minimal grooming,High exercise; enjoys running and playtime,Trainable with patience and positive reinforcement,"Lively, affectionate, and good with families",Prone to hip dysplasia and certain genetic disorders,"1,200"
Weimaraner,Dog,Germany,Large; males 30-40 kg,10-12 years,"Energetic, intelligent, and loyal",Short,"Various colors including gray, silver",Minimal grooming,High exercise; enjoys running and playtime,Highly trainable with positive reinforcement,"Lively, affectionate, and good with families",Prone to hip dysplasia and bloat,"1,200"
Welsh Corgi,Dog,Wales,Small; males 10-14 kg,12-15 years,"Lively, intelligent, and affectionate",Short,"Various colors including red, sable, and tri-color",Minimal grooming,Moderate exercise; enjoys playtime and short walks,Trainable with patience and positive reinforcement,"Lively, playful, and good with families",Prone to hip dysplasia and certain genetic disorders,"1,000"
Airedale Terrier,Dog,United Kingdom,Large; males 20-30 kg,10-14 years,"Confident, intelligent, and friendly",Short,Various colors including tan and black,Minimal grooming,Moderate exercise; enjoys playtime and walks,Trainable with patience and positive reinforcement,"Lively, intelligent, and good with families",Prone to hip dysplasia and certain genetic disorders,"1,000"
Australian Cattle Dog,Dog,Australia,Medium; males 16-23 kg,12-15 years,"Energetic, intelligent, and loyal",Short,"Various colors including blue, red, and mottled",Minimal grooming,High exercise; enjoys running and playtime,Highly trainable with positive reinforcement,"Lively, intelligent, and good with families",Prone to hip dysplasia and certain genetic disorders,"1,200"
Australian Terrier,Dog,Australia,Small; males 5-7 kg,12-15 years,"Confident, alert, and friendly",Short,"Various colors including blue and tan, red",Minimal grooming,Moderate exercise; enjoys playtime and short walks,Trainable with patience and positive reinforcement,"Lively, playful, and good with families",Prone to certain genetic disorders,900
Basenji,Dog,Congo,Small; males 9-11 kg,12-14 years,"Energetic, intelligent, and independent",Short,"Various colors including red, brindle, and white",Minimal grooming,High exercise; enjoys running and playtime,Trainable with patience and positive reinforcement,"Lively, independent, and good with families",Prone to certain genetic disorders,"1,000"
Bedlington Terrier,Dog,United Kingdom,Medium; males 8-10 kg,12-14 years,"Gentle, intelligent, and friendly",Curly,"Various colors including blue, liver, and sandy",Regular grooming,Moderate exercise; enjoys playtime and short walks,Trainable with patience and positive reinforcement,"Gentle, affectionate, and good with families",Prone to certain genetic disorders,"1,000"
Belgian Malinois,Dog,Belgium,Medium; males 25-30 kg,12-14 years,"Energetic, intelligent, and loyal",Short,"Various colors including tan, black",Minimal grooming,High exercise; enjoys running and playtime,Highly trainable with positive reinforcement,"Lively, protective, and good with families",Prone to hip dysplasia and certain genetic disorders,"1,200"
Belgian Sheepdog,Dog,Belgium,Medium; males 25-30 kg,12-14 years,"Intelligent, loyal, and energetic",Long,Various colors including black,Regular grooming,High exercise; enjoys running and playtime,Highly trainable with positive reinforcement,"Lively, intelligent, and good with families",Prone to hip dysplasia and certain genetic disorders,"1,200"
Borzoi,Dog,Russia,Large; males 34-48 kg,10-12 years,"Gentle, reserved, and intelligent",Long,"Various colors including white, fawn, and black",Regular grooming,Moderate exercise; enjoys running and playtime,Trainable with patience and positive reinforcement,"Gentle, reserved, and good with families",Prone to hip dysplasia and certain genetic disorders,"1,500"
Brittany,Dog,France,Medium; males 14-20 kg,12-14 years,"Friendly, energetic, and intelligent",Short,"Various colors including orange and white, liver and white",Minimal grooming,Moderate to high exercise; enjoys running and playtime,Trainable with patience and positive reinforcement,"Lively, affectionate, and good with families",Prone to hip dysplasia and certain genetic disorders,"1,000"
Dogue de Bordeaux,Dog,France,Large; males 45-50 kg,9-11 years,"Loyal, courageous, and affectionate",Short,"Various colors including fawn, red, and mahogany",Minimal grooming,Moderate exercise; enjoys short walks and playtime,Trainable with patience and positive reinforcement,"Lively, protective, and good with families",Prone to hip dysplasia and bloat,"1,500"
Field Spaniel,Dog,United Kingdom,Medium; males 13-18 kg,12-14 years,"Friendly, affectionate, and energetic",Long,"Various colors including liver, black, and tan",Regular grooming,Moderate to high exercise; enjoys playtime and walks,Trainable with patience and positive reinforcement,"Lively, affectionate, and good with families",Prone to hip dysplasia and ear infections,"1,000"
Glen of Imaal Terrier,Dog,Ireland,Medium; males 14-16 kg,10-14 years,"Lively, intelligent, and friendly",Short,"Various colors including blue, brindle, and wheaten",Minimal grooming,Moderate exercise; enjoys playtime and short walks,Trainable with patience and positive reinforcement,"Lively, playful, and good with families",Prone to certain genetic disorders,900
Great Pyrenees,Dog,France,Large; males 45-54 kg,10-12 years,"Gentle, protective, and independent",Long,White,Regular grooming,Moderate to high exercise; enjoys playtime and walks,Trainable with patience and positive reinforcement,"Lively, protective, and good with families",Prone to hip dysplasia and certain genetic disorders,"1,500"
Ibizan Hound,Dog,Spain,Medium; males 22-29 kg,12-14 years,"Energetic, friendly, and intelligent",Short,"Various colors including white, red, and tan",Minimal grooming,High exercise; enjoys running and playtime,Trainable with patience and positive reinforcement,"Lively, intelligent, and good with families",Prone to certain genetic disorders,"1,000"
Japanese Chin,Dog,Japan,Small; males 1.8-3 kg,12-14 years,"Affectionate, alert, and friendly",Long,"Various colors including white, black, and red",Regular grooming,Low to moderate exercise; enjoys playtime and short walks,Trainable with patience and positive reinforcement,"Gentle, affectionate, and good with families",Prone to dental issues and respiratory problems,"1,000"
Lagotto Romagnolo,Dog,Italy,Medium; males 11-16 kg,12-14 years,"Energetic, intelligent, and affectionate",Curly,"Various colors including white, brown, and orange",Regular grooming,Moderate to high exercise; enjoys playtime and walks,Trainable with patience and positive reinforcement,"Lively, affectionate, and good with families",Prone to certain genetic disorders,"1,200"
Manchester Terrier,Dog,United Kingdom,Small; males 5-8 kg,14-16 years,"Energetic, intelligent, and friendly",Short,"Various colors including black and tan, chocolate and tan",Minimal grooming,Moderate exercise; enjoys playtime and short walks,Trainable with patience and positive reinforcement,"Lively, playful, and good with families",Prone to certain genetic disorders,900
Neapolitan Mastiff,Dog,Italy,Large; males 50-70 kg,8-10 years,"Loyal, protective, and calm",Short,"Various colors including black, blue, and tawny",Minimal grooming,Moderate exercise; enjoys short walks and playtime,Trainable with patience and positive reinforcement,"Gentle, protective, and good with families",Prone to bloat and hip dysplasia,"1,500"
Norfolk Terrier,Dog,United Kingdom,Small; males 4-5 kg,12-15 years,"Affectionate, alert, and lively",Short,"Various colors including red, black and tan",Minimal grooming,Moderate exercise; enjoys playtime and short walks,Trainable with patience and positive reinforcement,"Lively, playful, and good with families",Prone to certain genetic disorders,900
Norwegian Elkhound,Dog,Norway,Medium; males 20-25 kg,12-15 years,"Loyal, friendly, and alert",Short,"Various colors including gray, black, and white",Minimal grooming,Moderate exercise; enjoys playtime and walks,Trainable with patience and positive reinforcement,"Lively, intelligent, and good with families",Prone to hip dysplasia and certain genetic disorders,"1,000"
Nova Scotia Duck Tolling Retriever,Dog,Canada,Medium; males 17-23 kg,12-14 years,"Energetic, friendly, and intelligent",Long,"Various colors including red, orange, and white",Regular grooming,Moderate to high exercise; enjoys playtime and running,Trainable with patience and positive reinforcement,"Lively, affectionate, and good with families",Prone to hip dysplasia and certain genetic disorders,"1,200"
Papillon,Dog,France,Small; males 4-5 kg,12-16 years,"Lively, intelligent, and affectionate",Long,"Various colors including white, black, and tan",Regular grooming,Moderate exercise; enjoys playtime and short walks,Trainable with patience and positive reinforcement,"Lively, intelligent, and good with families",Prone to dental issues and allergies,"1,000"
Pekingese,Dog,China,Small; males 3-6 kg,12-15 years,"Affectionate, independent, and alert",Long,"Various colors including red, black, and white",Regular grooming,Low to moderate exercise; enjoys short walks and playtime,Trainable with patience and positive reinforcement,"Gentle, affectionate, and good with families",Prone to respiratory issues and eye problems,"1,000"
Petit Basset Griffon Vendeen,Dog,France,Medium; males 15-18 kg,12-15 years,"Friendly, lively, and alert",Short,"Various colors including white, orange, and tan",Minimal grooming,Moderate exercise; enjoys playtime and short walks,Trainable with patience and positive reinforcement,"Lively, affectionate, and good with families",Prone to certain genetic disorders,"1,000"
African Grey Parrot,Bird,Africa,Medium; 400-600 grams,40-60 years,"Intelligent, social, and affectionate",Feathers,Gray,Regular grooming and attention,High exercise needs; requires interaction and stimulation,Highly trainable,Very social and communicative,Prone to feather plucking and obesity,"2,000"
Amazon Parrot,Bird,Central and South America,Medium; 350-500 grams,30-50 years,"Playful, affectionate, and noisy",Feathers,Green,Regular grooming and enrichment,High exercise needs; enjoys flying and play,Trainable with patience and consistency,Very social and vocal,Prone to obesity and feather plucking,"1,500"
Budgerigar,Bird,Australia,Small; 30-40 grams,5-10 years,"Friendly, active, and playful",Feathers,Various colors including blue, green, and yellow,Easy to care for; regular cage cleaning,Moderate exercise; enjoys flying and play,Easy to train,"3,455"
Cockatiel,Bird,Australia,Small; 80-125 grams,10-14 years,"Affectionate, friendly, and playful",Feathers,Various colors including gray, white, and yellow,Easy care; regular grooming,Moderate exercise; enjoys interaction and play,Trainable with patience,"2,453"
Cockatoo,Bird,Australia and Southeast Asia,Large; 300-600 grams,40-60 years,"Affectionate, intelligent, and noisy",Feathers,Various colors including white, pink, and black,Regular grooming and attention,High exercise needs; enjoys interaction and mental stimulation,Trainable with patience,"4,567"
Conure,Bird,Central and South America,Medium; 70-150 grams,20-30 years,"Playful, active, and social",Feathers,Various colors including green, red, and yellow,Regular grooming and attention,High exercise needs; enjoys interaction and play,Trainable with patience and consistency,"3,456"
Canary,Bird,Canary Islands,Small; 15-30 grams,10-15 years,"Active, melodious, and independent",Feathers,Various colors including yellow, red, and orange,Easy care; regular cage cleaning,Moderate exercise; enjoys flying,Not typically trained,"2,345"
Finch,Bird,Africa and Asia,Small; 10-20 grams,5-10 years,"Active, social, and independent",Feathers,Various colors including red, yellow, and green,Easy care; regular cage cleaning,Moderate exercise; enjoys flying,Not typically trained,"5,432"
Lovebird,Bird,Africa,Small; 40-60 grams,10-15 years,"Affectionate, social, and playful",Feathers,Various colors including green, yellow, and peach,Easy care; regular cage cleaning,Moderate exercise; enjoys interaction and play,Trainable with patience,"4,567"
Macaw,Bird,Central and South America,Large; 500-1000 grams,30-50 years,"Intelligent, social, and vocal",Feathers,Various colors including blue, red, and green,Regular grooming and enrichment,High exercise needs; enjoys interaction and play,Highly trainable,"1,234"
Parrotlet,Bird,Central and South America,Small; 25-50 grams,15-20 years,"Active, social, and independent",Feathers,Various colors including green, blue, and yellow,Easy care; regular cage cleaning,Moderate exercise; enjoys flying,Trainable with patience,"3,456"
Senegal Parrot,Bird,Africa,Medium; 150-200 grams,20-30 years,"Affectionate, playful, and intelligent",Feathers,Green with colorful accents,Regular grooming and attention,High exercise needs; enjoys interaction and play,Trainable with patience,Very social and affectionate,Prone to feather plucking,"1,000"
Sun Conure,Bird,Central and South America,Medium; 100-120 grams,15-20 years,"Playful, social, and noisy",Feathers,Yellow and orange,Regular grooming and enrichment,High exercise needs; enjoys flying and play,Trainable with patience,Very social and active,Prone to feather plucking and obesity,800
Budgie,Bird,Australia,Small; 30-40 grams,5-10 years,"Friendly, active, and playful",Feathers,Various colors including blue, green, and yellow,Easy to care for; regular cage cleaning,Moderate exercise; enjoys flying and play,Easy to train,"4,211"
Quaker Parrot,Bird,South America,Medium; 70-100 grams,15-20 years,"Intelligent, social, and noisy",Feathers,Green,Regular grooming and attention,High exercise needs; enjoys interaction and play,Trainable with patience,Very social and vocal,Prone to feather plucking and obesity,500
Rosella,Bird,Australia,Medium; 100-150 grams,15-20 years,"Active, friendly, and social",Feathers,Various colors including red, blue, and yellow,Regular grooming and enrichment,Moderate exercise; enjoys flying and play,Trainable with patience,"3,456"
Eclectus Parrot,Bird,Australia and New Guinea,Medium; 300-400 grams,20-30 years,"Intelligent, gentle, and social",Feathers,Green (males) and red (females),Regular grooming and attention,High exercise needs; enjoys interaction and play,Trainable with patience,Very social and gentle,Prone to obesity and feather plucking,"1,500"
Amazona Parrot,Bird,Central and South America,Medium; 350-500 grams,30-50 years,"Playful, affectionate, and noisy",Feathers,Various colors including green and red,Regular grooming and enrichment,High exercise needs; enjoys flying and play,Trainable with patience,Very social and vocal,Prone to obesity and feather plucking,"1,200"
Bourke's Parrot,Bird,Australia,Small; 40-50 grams,10-15 years,"Calm, friendly, and quiet",Feathers,Pink and blue,Easy care; regular cage cleaning,Moderate exercise; enjoys flying,Not typically trained,Calm and gentle,Prone to respiratory issues,200
Pionus Parrot,Bird,Central and South America,Medium; 250-300 grams,20-30 years,"Gentle, social, and quiet",Feathers,Various colors including blue, green, and red,Regular grooming and attention,Moderate exercise; enjoys interaction and play,Trainable with patience,"8,765"
Dove,Bird,Worldwide,Small; 150-200 grams,10-15 years,"Gentle, social, and peaceful",Feathers,Various colors including white and gray,Easy care; regular cage cleaning,Moderate exercise; enjoys flying,Not typically trained,Peaceful and social,Prone to respiratory issues,100
Finch,Bird,Africa and Asia,Small; 10-20 grams,5-10 years,"Active, social, and independent",Feathers,Various colors including red, yellow, and green,Easy care; regular cage cleaning,Moderate exercise; enjoys flying,Not typically trained,"1,222"
Java Sparrow,Bird,Indonesia,Small; 30-40 grams,5-10 years,"Social, active, and friendly",Feathers,Gray with pink and white,Easy care; regular cage cleaning,Moderate exercise; enjoys flying,Not typically trained,Active and sociable,Prone to respiratory issues,70
Lovebird,Bird,Africa,Small; 40-60 grams,10-15 years,"Affectionate, social, and playful",Feathers,Various colors including green, yellow, and peach,Easy care; regular cage cleaning,Moderate exercise; enjoys interaction and play,Trainable with patience,"2,313"
Canary,Bird,Canary Islands,Small; 15-30 grams,10-15 years,"Active, melodious, and independent",Feathers,Various colors including yellow, red, and orange,Easy care; regular cage cleaning,Moderate exercise; enjoys flying,Not typically trained,"2,222"
Bourke's Parrot,Bird,Australia,Small; 40-50 grams,10-15 years,"Calm, friendly, and quiet",Feathers,Pink and blue,Easy care; regular cage cleaning,Moderate exercise; enjoys flying,Not typically trained,Calm and gentle,Prone to respiratory issues,200
Senegal Parrot,Bird,Africa,Medium; 150-200 grams,20-30 years,"Affectionate, playful, and intelligent",Feathers,Green with colorful accents,Regular grooming and attention,High exercise needs; enjoys interaction and play,Trainable with patience,Very social and affectionate,Prone to feather plucking,"1,000"
African Finch,Bird,Africa,Small; 10-20 grams,5-10 years,"Active, social, and cheerful",Feathers,Various colors including red, green, and yellow,Easy care; regular cage cleaning,Moderate exercise; enjoys flying,Not typically trained,"1,221"
Indian Ringneck Parrot,Bird,India,Medium; 150-200 grams,20-30 years,"Intelligent, social, and playful",Feathers,Green with colorful accents,Regular grooming and enrichment,High exercise needs; enjoys interaction and play,Trainable with patience,Very social and intelligent,Prone to feather plucking,800
Australian King Parrot,Bird,Australia,Medium; 250-300 grams,20-30 years,"Gentle, social, and active",Feathers,Red and green,Regular grooming and attention,Moderate exercise; enjoys flying and play,Trainable with patience,Social and gentle,Prone to feather plucking,700
Hawk-headed Parrot,Bird,Central and South America,Medium; 200-300 grams,20-30 years,"Active, playful, and social",Feathers,Green with red and blue accents,Regular grooming and attention,High exercise needs; enjoys interaction and play,Trainable with patience,Very social and playful,Prone to feather plucking,900
Yellow-headed Amazon,Bird,Central and South America,Medium; 350-450 grams,30-50 years,"Playful, vocal, and social",Feathers,Green with yellow head,Regular grooming and enrichment,High exercise needs; enjoys flying and play,Trainable with patience,Very social and communicative,Prone to obesity and feather plucking,"1,200"
Black-capped Conure,Bird,South America,Small; 70-90 grams,15-20 years,"Affectionate, playful, and vocal",Feathers,Green with black cap,Regular grooming and attention,Moderate exercise; enjoys interaction and play,Trainable with patience,Very social and affectionate,Prone to feather plucking,500
Rose-breasted Cockatoo,Bird,Australia,Large; 300-500 grams,20-30 years,"Gentle, social, and affectionate",Feathers,Pink and gray,Regular grooming and attention,High exercise needs; enjoys interaction and play,Trainable with patience,Very social and affectionate,Prone to feather plucking,"1,800"
Blue-fronted Amazon,Bird,South America,Medium; 350-450 grams,30-50 years,"Playful, vocal, and intelligent",Feathers,Green with blue forehead,Regular grooming and enrichment,High exercise needs; enjoys flying and play,Trainable with patience,Very social and communicative,Prone to obesity and feather plucking,"1,500"
Caique,Bird,South America,Medium; 150-200 grams,15-20 years,"Active, playful, and social",Feathers,Various colors including green, yellow, and orange,Regular grooming and attention,High exercise needs; enjoys interaction and play,Trainable with patience,"1,111"
Golden Conure,Bird,South America,Medium; 150-200 grams,20-30 years,"Friendly, playful, and social",Feathers,Yellow with green accents,Regular grooming and attention,Moderate exercise; enjoys interaction and play,Trainable with patience,Very social and affectionate,Prone to feather plucking,"1,000"
Dusky Pionus,Bird,Central and South America,Medium; 200-300 grams,20-30 years,"Gentle, social, and quiet",Feathers,Blue with green and red accents,Regular grooming and attention,Moderate exercise; enjoys interaction and play,Trainable with patience,Social and gentle,Prone to obesity and feather plucking,800
Nanday Conure,Bird,South America,Medium; 100-150 grams,15-20 years,"Playful, vocal, and affectionate",Feathers,Green with black head,Regular grooming and enrichment,High exercise needs; enjoys flying and play,Trainable with patience,Very social and vocal,Prone to feather plucking,600
Green-cheeked Conure,Bird,South America,Medium; 70-100 grams,15-20 years,"Active, playful, and social",Feathers,Green with red and yellow accents,Regular grooming and attention,Moderate exercise; enjoys interaction and play,Trainable with patience,Very social and playful,Prone to feather plucking,500
Violet-crowned Amazon,Bird,Central and South America,Medium; 250-300 grams,20-30 years,"Gentle, social, and playful",Feathers,Green with violet crown,Regular grooming and attention,Moderate exercise; enjoys interaction and play,Trainable with patience,Very social and gentle,Prone to feather plucking,900
Linnie,Bird,Australia,Small; 40-50 grams,10-15 years,"Active, social, and friendly",Feathers,Green with red and yellow accents,Easy care; regular cage cleaning,Moderate exercise; enjoys flying,Not typically trained,Active and friendly,Prone to respiratory issues,150
Cockatiel,Bird,Australia,Small; 80-125 grams,10-14 years,"Affectionate, friendly, and playful",Feathers,Various colors including gray, white, and yellow,Easy care; regular grooming,Moderate exercise; enjoys interaction and play,Trainable with patience,"1,222"
Green-winged Macaw,Bird,South America,Large; 700-1,000 grams,30-50 years,"Playful, social, and vocal",Feathers,Green with red and blue accents,Regular grooming and enrichment,High exercise needs; enjoys interaction and play,Trainable with patience,Very social and active,"3,000"
White-bellied Caique,Bird,South America,Medium; 150-200 grams,15-20 years,"Active, playful, and social",Feathers,White belly with green and yellow accents,Regular grooming and attention,High exercise needs; enjoys interaction and play,Trainable with patience,Very social and playful,Prone to feather plucking,700
Black-headed Caique,Bird,South America,Medium; 150-200 grams,15-20 years,"Playful, affectionate, and social",Feathers,Black head with green and orange body,Regular grooming and enrichment,High exercise needs; enjoys interaction and play,Trainable with patience,Very social and active,Prone to feather plucking,700
Red-fronted Macaw,Bird,South America,Large; 600-900 grams,30-50 years,"Playful, social, and vocal",Feathers,Red with green and blue accents,Regular grooming and attention,High exercise needs; enjoys interaction and play,Trainable with patience,Very social and active,Prone to obesity and feather plucking,"3,000"
Buffon's Macaw,Bird,South America,Large; 800-1,000 grams,30-50 years,"Playful, social, and vocal",Feathers,Green with red and blue accents,Regular grooming and enrichment,High exercise needs; enjoys interaction and play,Trainable with patience,Very social and active,"2,000"
Great Green Macaw,Bird,South America,Large; 900-1,200 grams,30-50 years,"Playful, social, and vocal",Feathers,Green with red and blue accents,Regular grooming and attention,High exercise needs; enjoys interaction and play,Trainable with patience,Very social and active,"1,000"
Hyacinth Macaw,Bird,South America,Large; 1,200-1,700 grams,30-50 years,"Playful, social, and vocal",Feathers,Blue with yellow accents,Regular grooming and attention,High exercise needs; enjoys interaction and play,Trainable with patience,"2,111"
Cuban Amazon,Bird,Cuba,Medium; 250-350 grams,30-50 years,"Playful, social, and vocal",Feathers,Green with colorful accents,Regular grooming and attention,Moderate exercise; enjoys flying and play,Trainable with patience,Very social and vocal,Prone to feather plucking,"1,000"
Red-lored Amazon,Bird,Central and South America,Medium; 350-450 grams,30-50 years,"Playful, vocal, and intelligent",Feathers,Green with red and yellow accents,Regular grooming and attention,High exercise needs; enjoys interaction and play,Trainable with patience,Very social and communicative,Prone to obesity and feather plucking,"1,200"
Blue-fronted Amazon,Bird,South America,Medium; 350-450 grams,30-50 years,"Playful, vocal, and intelligent",Feathers,Green with blue forehead,Regular grooming and attention,High exercise needs; enjoys flying and play,Trainable with patience,Very social and communicative,Prone to obesity and feather plucking,"1,500"
Yellow-naped Amazon,Bird,Central America,Medium; 350-450 grams,30-50 years,"Playful, vocal, and intelligent",Feathers,Green with yellow nape,Regular grooming and attention,High exercise needs; enjoys flying and play,Trainable with patience,Very social and communicative,Prone to obesity and feather plucking,"1,500"
Golden-collared Macaw,Bird,South America,Large; 800-1,000 grams,30-50 years,"Playful, social, and vocal",Feathers,Green with golden collar and blue wings,Regular grooming and enrichment,High exercise needs; enjoys interaction and play,Trainable with patience,Very social and active,"3,500"
Scarlet Macaw,Bird,Central and South America,Large; 800-1,000 grams,30-50 years,"Playful, social, and vocal",Feathers,Red with blue and yellow accents,Regular grooming and enrichment,High exercise needs; enjoys interaction and play,Trainable with patience,Very social and active,"3,400"
Military Macaw,Bird,South America,Large; 700-1,000 grams,30-50 years,"Playful, social, and vocal",Feathers,Green with red and blue accents,Regular grooming and enrichment,High exercise needs; enjoys interaction and play,Trainable with patience,Very social and active,"2,333"
Blue-and-yellow Macaw,Bird,South America,Large; 800-1,000 grams,30-50 years,"Playful, social, and vocal",Feathers,Blue with yellow underparts,Regular grooming and enrichment,High exercise needs; enjoys interaction and play,Trainable with patience,Very social and active,"1,334"
Lesser Sulphur-crested Cockatoo,Bird,Australia,Medium; 250-350 grams,20-30 years,"Gentle, social, and playful",Feathers,White with yellow crest,Regular grooming and attention,High exercise needs; enjoys interaction and play,Trainable with patience,Very social and gentle,Prone to feather plucking,"1,200"
Umbrella Cockatoo,Bird,Southeast Asia,Large; 400-600 grams,40-60 years,"Affectionate, social, and vocal",Feathers,White with crest,Regular grooming and attention,High exercise needs; enjoys interaction and play,Trainable with patience,Very social and affectionate,Prone to feather plucking and obesity,"2,000"
Moluccan Cockatoo,Bird,Southeast Asia,Large; 500-800 grams,40-60 years,"Affectionate, social, and noisy",Feathers,Pink with white,Regular grooming and attention,High exercise needs; enjoys interaction and play,Trainable with patience,Very social and affectionate,Prone to feather plucking and obesity,"2,500"
Galah,Bird,Australia,Medium; 300-400 grams,20-30 years,"Friendly, playful, and social",Feathers,Pink and gray,Regular grooming and attention,Moderate exercise; enjoys interaction and play,Trainable with patience,Very social and affectionate,Prone to feather plucking,700
Rose-breasted Cockatoo,Bird,Australia,Large; 300-500 grams,20-30 years,"Gentle, social, and affectionate",Feathers,Pink and gray,Regular grooming and attention,High exercise needs; enjoys interaction and play,Trainable with patience,Very social and affectionate,Prone to feather plucking,"1,800"
Bare-eyed Cockatoo,Bird,Southeast Asia,Medium; 250-350 grams,20-30 years,"Gentle, social, and playful",Feathers,White with pink accents,Regular grooming and attention,High exercise needs; enjoys interaction and play,Trainable with patience,Very social and affectionate,Prone to feather plucking,"1,200"
Pink Cockatoo,Bird,Australia,Large; 400-600 grams,20-30 years,"Affectionate, social, and playful",Feathers,Pink with white accents,Regular grooming and attention,High exercise needs; enjoys interaction and play,Trainable with patience,Very social and affectionate,Prone to feather plucking,"1,500"
Yellow-tailed Black Cockatoo,Bird,Australia,Large; 500-800 grams,20-30 years,"Playful, social, and vocal",Feathers,Black with yellow tail,Regular grooming and attention,High exercise needs; enjoys interaction and play,Trainable with patience,Very social and active,Prone to feather plucking,"1,800"
Black-cockatoo,Bird,Australia,Large; 500-700 grams,30-50 years,"Playful, social, and vocal",Feathers,Black with red accents,Regular grooming and attention,High exercise needs; enjoys interaction and play,Trainable with patience,Very social and active,Prone to feather plucking,"1,800"
Yellow-crowned Amazon,Bird,Central and South America,Medium; 350-450 grams,30-50 years,"Playful, vocal, and social",Feathers,Green with yellow crown,Regular grooming and enrichment,High exercise needs; enjoys flying and play,Trainable with patience,Very social and communicative,Prone to obesity and feather plucking,"1,200"
Red-crowned Amazon,Bird,Central and South America,Medium; 350-450 grams,30-50 years,"Playful, vocal, and intelligent",Feathers,Green with red crown,Regular grooming and enrichment,High exercise needs; enjoys flying and play,Trainable with patience,Very social and intelligent,Prone to obesity and feather plucking,"1,200"
Bourke's Parrot,Bird,Australia,Small; 40-50 grams,10-15 years,"Calm, friendly, and quiet",Feathers,Pink and blue,Easy care; regular cage cleaning,Moderate exercise; enjoys flying,Not typically trained,Calm and gentle,Prone to respiratory issues,200
European Goldfinch,Bird,Europe,Small; 15-20 grams,5-10 years,"Active, social, and melodic",Feathers,Yellow, red, and black,Easy care; regular cage cleaning,Moderate exercise; enjoys flying,Not typically trained,"1,221"
Society Finch,Bird,Asia,Small; 10-15 grams,5-10 years,"Social, active, and friendly",Feathers,Various colors including white, brown, and black,Easy care; regular cage cleaning,Moderate exercise; enjoys flying,Not typically trained,"3,211"
Orange-cheeked Waxbill,Bird,Africa,Small; 10-15 grams,5-10 years,"Active, social, and cheerful",Feathers,Orange cheeks with green body,Easy care; regular cage cleaning,Moderate exercise; enjoys flying,Not typically trained,Cheerful and active,Prone to respiratory issues,70
Gouldian Finch,Bird,Australia,Small; 10-15 grams,5-10 years,"Colorful, social, and active",Feathers,Various colors including red, yellow, and green,Easy care; regular cage cleaning,Moderate exercise; enjoys flying,Not typically trained,"9,071"
Nebulosa Parrot,Bird,South America,Medium; 150-200 grams,20-30 years,"Playful, social, and intelligent",Feathers,Green with blue and red accents,Regular grooming and attention,Moderate exercise; enjoys interaction and play,Trainable with patience,Very social and intelligent,Prone to feather plucking,800
Takah,Bird,New Zealand,Large; 2-3 kg,10-15 years,"Gentle, curious, and shy",Feathers,Green with blue and purple accents,Regular care and habitat maintenance,Low exercise needs; enjoys foraging,Not typically trained,Curious and gentle,Prone to habitat destruction,"1,000"
Psycho Parrot,Bird,Central and South America,Medium; 200-300 grams,15-20 years,"Active, playful, and social",Feathers,Green with red and yellow accents,Regular grooming and attention,High exercise needs; enjoys interaction and play,Trainable with patience,Very social and playful,Prone to feather plucking,600
Greater Vasa Parrot,Bird,Madagascar,Medium; 300-400 grams,20-30 years,"Intelligent, social, and reserved",Feathers,Gray with black accents,Regular grooming and attention,High exercise needs; enjoys interaction and play,Trainable with patience,Social and reserved,Prone to feather plucking,"1,200"
Puffin,Bird,North Atlantic,Medium; 400-500 grams,20-25 years,"Playful, social, and comical",Feathers,Black with white belly and orange beak,Regular care; needs space to fly,Moderate exercise; enjoys swimming,Not typically trained,Social and comical,Prone to beak and feather issues,"1,500"
Harlequin Macaw,Bird,South America,Large; 800-1,000 grams,30-50 years,"Playful, social, and vocal",Feathers,Green with orange and blue,Regular grooming and attention,High exercise needs; enjoys interaction and play,Trainable with patience,Very social and active,"3,000"
Vasa Parrot,Bird,Madagascar,Medium; 300-400 grams,20-30 years,"Intelligent, social, and reserved",Feathers,Gray with black accents,Regular grooming and attention,High exercise needs; enjoys interaction and play,Trainable with patience,Very social and reserved,Prone to feather plucking,"1,000"
Kakapo,Bird,New Zealand,Large; 2-4 kg,60-90 years,"Gentle, nocturnal, and playful",Feathers,Green with yellow accents,Specialized care needed,Low exercise needs; nocturnal,Not typically trained,Gentle and playful,Prone to habitat issues and predators,"5,000"
Cobalt-winged Parakeet,Bird,South America,Medium; 100-150 grams,15-20 years,"Playful, social, and vocal",Feathers,Green with blue wings,Regular grooming and attention,Moderate exercise; enjoys interaction and play,Trainable with patience,Very social and active,Prone to feather plucking,600
Turquoise Parrot,Bird,Australia,Medium; 150-200 grams,15-20 years,"Gentle, social, and colorful",Feathers,Turquoise with yellow accents,Regular grooming and attention,Moderate exercise; enjoys interaction and play,Trainable with patience,Social and gentle,Prone to feather plucking,700
Maroon-fronted Parrot,Bird,North America,Medium; 200-300 grams,15-20 years,"Social, intelligent, and vocal",Feathers,Green with maroon front,Regular grooming and attention,High exercise needs; enjoys interaction and play,Trainable with patience,Very social and intelligent,Prone to feather plucking,800
Jardine's Parrot,Bird,Africa,Medium; 200-300 grams,20-30 years,"Playful, social, and intelligent",Feathers,Green with red and yellow accents,Regular grooming and attention,Moderate exercise; enjoys interaction and play,Trainable with patience,Very social and intelligent,Prone to feather plucking,900
African Red-bellied Parrot,Bird,Africa,Medium; 150-200 grams,20-30 years,"Playful, social, and vocal",Feathers,Green with red belly,Regular grooming and attention,Moderate exercise; enjoys interaction and play,Trainable with patience,Very social and vocal,Prone to feather plucking,800
Burrowing Parrot,Bird,South America,Medium; 150-200 grams,15-20 years,"Playful, social, and intelligent",Feathers,Green with red and blue accents,Regular grooming and attention,High exercise needs; enjoys interaction and play,Trainable with patience,Very social and playful,Prone to feather plucking,700
Peach-faced Lovebird,Bird,Africa,Small; 40-60 grams,10-15 years,"Affectionate, social, and playful",Feathers,Peach and green,Easy care; regular cage cleaning,Moderate exercise; enjoys interaction and play,Trainable with patience,Very social and affectionate,Prone to feather plucking,200
Lineolated Parakeet,Bird,South America,Small; 50-70 grams,10-15 years,"Calm, friendly, and quiet",Feathers,Green with blue and yellow,Easy care; regular cage cleaning,Moderate exercise; enjoys flying,Not typically trained,Calm and gentle,Prone to respiratory issues,150
Meyers Parrot,Bird,Africa,Medium; 150-200 grams,20-30 years,"Affectionate, social, and playful",Feathers,Green with yellow and red accents,Regular grooming and attention,Moderate exercise; enjoys interaction and play,Trainable with patience,Very social and playful,Prone to feather plucking,700
Tucuman Parrot,Bird,South America,Medium; 150-200 grams,15-20 years,"Playful, social, and vocal",Feathers,Green with red and blue accents,Regular grooming and attention,High exercise needs; enjoys interaction and play,Trainable with patience,Very social and vocal,Prone to feather plucking,800
Yellow-thighed Parrot,Bird,South America,Medium; 200-300 grams,20-30 years,"Playful, social, and vocal",Feathers,Green with yellow thighs,Regular grooming and attention,Moderate exercise; enjoys interaction and play,Trainable with patience,Very social and playful,Prone to feather plucking,700
Pallid Parrot,Bird,Australia,Medium; 150-200 grams,15-20 years,"Gentle, social, and quiet",Feathers,Green with pastel accents,Regular grooming and attention,Moderate exercise; enjoys flying and play,Trainable with patience,Social and gentle,Prone to feather plucking,600
Rosy-faced Lovebird,Bird,Africa,Small; 40-60 grams,10-15 years,"Affectionate, social, and playful",Feathers,Pink and green,Easy care; regular cage cleaning,Moderate exercise; enjoys interaction and play,Trainable with patience,Very social and affectionate,Prone to feather plucking,200
Coppery-tailed Parrot,Bird,South America,Medium; 200-300 grams,20-30 years,"Playful, social, and vocal",Feathers,Green with copper tail,Regular grooming and attention,High exercise needs; enjoys interaction and play,Trainable with patience,Very social and vocal,Prone to feather plucking,800
Red-bellied Parrot,Bird,Africa,Medium; 200-300 grams,15-20 years,"Playful, social, and vocal",Feathers,Green with red belly,Regular grooming and attention,Moderate exercise; enjoys interaction and play,Trainable with patience,Very social and vocal,Prone to feather plucking,700
Rainbow Lorikeet,Bird,Australia,Medium; 150-200 grams,15-20 years,"Playful, social, and colorful",Feathers,Rainbow-colored,Regular grooming and attention,High exercise needs; enjoys interaction and play,Trainable with patience,Very social and active,Prone to feather plucking,"1,000"
Eclectus Parrot,Bird,Australia and Papua New Guinea,Medium; 350-450 grams,30-50 years,"Gentle, social, and vocal",Feathers,Red and green,Regular grooming and attention,High exercise needs; enjoys interaction and play,Trainable with patience,Very social and vocal,Prone to feather plucking,"1,200"
Peach-faced Lovebird,Bird,Africa,Small; 40-60 grams,10-15 years,"Affectionate, social, and playful",Feathers,Peach and green,Easy care; regular cage cleaning,Moderate exercise; enjoys interaction and play,Trainable with patience,Very social and affectionate,Prone to feather plucking,200
Green-cheeked Lovebird,Bird,Africa,Small; 40-60 grams,10-15 years,"Affectionate, social, and active",Feathers,Green with orange and red,Easy care; regular cage cleaning,Moderate exercise; enjoys interaction and play,Trainable with patience,Very social and affectionate,Prone to feather plucking,200
Turquoise-fronted Amazon,Bird,South America,Medium; 350-450 grams,30-50 years,"Playful, vocal, and intelligent",Feathers,Green with turquoise front,Regular grooming and attention,High exercise needs; enjoys interaction and play,Trainable with patience,Very social and communicative,Prone to obesity and feather plucking,"1,200"
White-winged Parakeet,Bird,Australia,Medium; 150-200 grams,15-20 years,"Playful, social, and colorful",Feathers,Green with white wings,Regular grooming and attention,Moderate exercise; enjoys interaction and play,Trainable with patience,Very social and active,Prone to feather plucking,600
Blue-crowned Conure,Bird,South America,Medium; 150-200 grams,15-20 years,"Playful, social, and vocal",Feathers,Green with blue crown,Regular grooming and attention,High exercise needs; enjoys interaction and play,Trainable with patience,Very social and vocal,Prone to feather plucking,800
Clownfish,Fish,Australia,Small; 4-5 cm,6-10 years,Peaceful,No coat,Orange with white stripes,Easy to care for,Minimal exercise,Low,"Friendly, social, and hardy",Prone to marine diseases,45
Neon Tetra,Fish,South America,Small; 3-4 cm,5-10 years,Peaceful,No coat,Blue with red stripe,Easy to care for,Minimal exercise,Low,"Active, schooling fish",Can be sensitive to water quality,20
Guppy,Fish,South America,Small; 3-6 cm,2-3 years,Peaceful,No coat,Various colors,Easy to care for,Minimal exercise,Low,"Active, colorful, and hardy",Prone to fin rot and dropsy,10
Betta,Fish,Thailand,Small; 6-8 cm,2-4 years,Aggressive,No coat,"Various colors including red, blue, and green",Easy to care for,Minimal exercise,Low,"Aggressive towards other males, but can be interactive",Prone to fin rot and tail biting,15
Angelfish,Fish,South America,Medium; 10-15 cm,10-15 years,Peaceful,No coat,"Silver, gold, and black",Moderate care,Minimal exercise,Low,"Elegant, active swimmers",Can be sensitive to water conditions,30
Discus,Fish,South America,Medium; 15-20 cm,10-15 years,Peaceful,No coat,Various colors,Moderate to high care,Moderate exercise,Low,"Social, requires stable water conditions",Prone to discus plague,50
Oscar,Fish,South America,Large; 30-45 cm,10-15 years,Aggressive,No coat,"Various colors including red, orange, and black",Moderate to high care,Moderate exercise,Low,"Intelligent, territorial",Prone to hole-in-the-head disease,60
Molly,Fish,Central America,Small; 5-8 cm,3-5 years,Peaceful,No coat,Various colors,Easy to care for,Minimal exercise,Low,"Hardy, adaptable",Prone to fin rot and internal parasites,12
Swordtail,Fish,Central America,Small; 7-10 cm,3-5 years,Peaceful,No coat,Various colors,Easy to care for,Minimal exercise,Low,"Active, social",Prone to fin rot and dropsy,15
Platies,Fish,Central America,Small; 5-7 cm,3-5 years,Peaceful,No coat,Various colors,Easy to care for,Minimal exercise,Low,"Active, hardy",Prone to fin rot and internal parasites,12
Rainbowfish,Fish,Australia,Medium; 8-10 cm,5-10 years,Peaceful,No coat,Various colors,Easy to care for,Moderate exercise,Low,"Active, social",Can be sensitive to water quality,25
Koi,Fish,Japan,Large; 60-90 cm,20-30 years,Peaceful,No coat,Various colors,High care,Moderate exercise,Low,"Elegant, long-lived",Prone to parasites and bacterial infections,150
Goldfish,Fish,China,Small to large; 10-30 cm,10-20 years,Peaceful,No coat,Various colors,Easy to care for,Moderate exercise,Low,"Social, hardy",Prone to swim bladder disease and fin rot,20
Corydoras,Fish,South America,Small; 5-8 cm,5-10 years,Peaceful,No coat,Various colors,Easy to care for,Minimal exercise,Low,"Bottom-dwelling, social",Prone to fungal infections,18
Bristlenose Pleco,Fish,South America,Medium; 10-15 cm,5-10 years,Peaceful,No coat,Brown with spots,Easy to care for,Minimal exercise,Low,"Algae-eating, nocturnal",Prone to skin infections,25
Catfish,Fish,Various,Medium to large; 20-50 cm,5-15 years,Varies,No coat,Various colors,Moderate to high care,Moderate exercise,Low,"Bottom-dwelling, varied personalities",Prone to parasitic infections,30
African Cichlid,Fish,Africa,Medium; 10-15 cm,10-15 years,Aggressive,No coat,Various colors,Moderate to high care,Moderate exercise,Low,"Territorial, colorful",Prone to Malawi bloat and cichlid disease,40
Discus,Fish,South America,Medium; 15-20 cm,10-15 years,Peaceful,No coat,Various colors,Moderate to high care,Moderate exercise,Low,"Social, requires stable water conditions",Prone to discus plague,50
Gourami,Fish,Asia,Medium; 10-15 cm,4-6 years,Peaceful,No coat,Various colors,Easy to moderate care,Moderate exercise,Low,"Interactive, peaceful",Prone to fin rot and skin infections,20
Pufferfish,Fish,Various,Medium; 15-30 cm,5-10 years,Aggressive,No coat,Various colors,Moderate to high care,Moderate exercise,Low,"Intelligent, requires careful handling",Prone to poisoning if not properly cared for,60
Lionfish,Fish,Pacific,Large; 30-45 cm,5-15 years,Aggressive,No coat,Red with white stripes,High care,Moderate exercise,Low,"Venomous, requires large tank",Prone to injuries and infections,100
Tang,Fish,Pacific,Medium; 20-30 cm,5-10 years,Peaceful,No coat,Various colors,High care,Moderate exercise,Low,"Active, schooling fish",Prone to marine ich,70
Mandarinfish,Fish,Pacific,Small; 7-10 cm,10-15 years,Peaceful,No coat,Brightly colored,High care,Moderate exercise,Low,"Colorful, requires live food",Prone to disease and parasites,90
Goby,Fish,Various,Small; 5-10 cm,5-10 years,Peaceful,No coat,Various colors,Easy to moderate care,Minimal exercise,Low,"Bottom-dwelling, social",Prone to injuries,25
Blenny,Fish,Various,Small; 10-15 cm,5-10 years,Peaceful,No coat,Various colors,Moderate care,Minimal exercise,Low,"Interactive, algae-eating",Prone to marine ich and skin infections,30
Seahorse,Fish,Pacific,Small; 10-15 cm,1-5 years,Peaceful,No coat,Various colors,High care,Minimal exercise,Low,"Delicate, requires stable conditions",Prone to disease and stress,120
Chromis,Fish,Pacific,Small; 7-10 cm,5-10 years,Peaceful,No coat,Blue-green,Moderate care,Moderate exercise,Low,"Schooling, active",Prone to marine ich,40
Wrasse,Fish,Various,Medium; 15-20 cm,5-10 years,Peaceful,No coat,Various colors,Moderate to high care,Moderate exercise,Low,"Colorful, active",Prone to skin infections and parasites,50
Shark Catfish,Fish,South America,Large; 60-80 cm,10-20 years,Peaceful,No coat,Grayish,Moderate to high care,Moderate exercise,Low,"Bottom-dwelling, requires large tank",Prone to skin infections,60
Rainbow Shark,Fish,Asia,Medium; 10-15 cm,5-7 years,Aggressive,No coat,Gray with red fins,Moderate care,Moderate exercise,Low,"Active, territorial",Prone to fin rot,25
Silver Dollar,Fish,South America,Medium; 10-15 cm,5-10 years,Peaceful,No coat,Silver,Easy to care for,Moderate exercise,Low,"Schooling, peaceful",Prone to internal parasites,30
Banded Catfish,Fish,South America,Medium; 20-25 cm,5-10 years,Peaceful,No coat,Striped,Moderate care,Moderate exercise,Low,"Bottom-dwelling, active",Prone to fungal infections,35
Celestial Pearl Danio,Fish,Asia,Small; 2-3 cm,2-5 years,Peaceful,No coat,Various colors,Easy to care for,Minimal exercise,Low,"Active, colorful",Prone to disease if water quality is poor,18
Danio,Fish,Asia,Small; 5-7 cm,3-5 years,Peaceful,No coat,Various colors,Easy to care for,Minimal exercise,Low,"Active, hardy",Prone to fin rot and disease,15
Harlequin Rasbora,Fish,Asia,Small; 3-4 cm,5-7 years,Peaceful,No coat,Orange with black markings,Easy to care for,Minimal exercise,Low,"Schooling, active",Prone to fin rot,20
Cardinal Tetra,Fish,South America,Small; 3-4 cm,5-10 years,Peaceful,No coat,Red and blue,Easy to care for,Minimal exercise,Low,"Schooling, peaceful",Prone to disease if water quality is poor,25
Kuhli Loach,Fish,Asia,Small; 10-12 cm,10-15 years,Peaceful,No coat,Brown with stripes,Easy to care for,Minimal exercise,Low,"Bottom-dwelling, active",Prone to skin infections,22
Zebra Danio,Fish,Asia,Small; 5-7 cm,2-5 years,Peaceful,No coat,Striped,Easy to care for,Minimal exercise,Low,"Active, hardy",Prone to fin rot and disease,15
Panda Corydoras,Fish,South America,Small; 5-8 cm,5-10 years,Peaceful,No coat,White with black markings,Easy to care for,Minimal exercise,Low,"Bottom-dwelling, social",Prone to skin infections,20
Zebrafish,Fish,Asia,Small; 5-7 cm,2-5 years,Peaceful,No coat,Striped,Easy to care for,Minimal exercise,Low,"Active, hardy",Prone to fin rot and disease,18
Clown Loach,Fish,Asia,Medium; 15-20 cm,10-15 years,Peaceful,No coat,Orange with black stripes,Moderate care,Moderate exercise,Low,"Active, social",Prone to skin infections,35
Gold Dust Molly,Fish,Central America,Small; 5-7 cm,3-5 years,Peaceful,No coat,Gold,Easy to care for,Minimal exercise,Low,"Active, hardy",Prone to fin rot and internal parasites,15
Black Molly,Fish,Central America,Small; 5-7 cm,3-5 years,Peaceful,No coat,Black,Easy to care for,Minimal exercise,Low,"Hardy, adaptable",Prone to fin rot and internal parasites,12
Lyretail Molly,Fish,Central America,Small; 5-7 cm,3-5 years,Peaceful,No coat,Various colors,Easy to care for,Minimal exercise,Low,"Active, colorful",Prone to fin rot and internal parasites,15
Siamese Fighting Fish,Fish,Thailand,Small; 6-8 cm,2-4 years,Aggressive,No coat,Various colors,Easy to care for,Minimal exercise,Low,"Aggressive towards other males, but can be interactive",Prone to fin rot and tail biting,20
Longfin Ancistrus,Fish,South America,Medium; 10-15 cm,5-10 years,Peaceful,No coat,Brown with spots,Moderate care,Minimal exercise,Low,"Algae-eating, nocturnal",Prone to skin infections,30
Spotted Climbing Perch,Fish,Asia,Medium; 15-20 cm,5-10 years,Peaceful,No coat,Spotted,Moderate care,Moderate exercise,Low,"Adaptable, hardy",Prone to skin infections,25
Threadfin Rainbow,Fish,Australia,Small; 5-7 cm,3-5 years,Peaceful,No coat,Various colors,Easy to care for,Minimal exercise,Low,"Active, social",Prone to fin rot and disease,20
Pearl Gourami,Fish,Asia,Medium; 10-15 cm,4-6 years,Peaceful,No coat,Silver with pearls,Easy to moderate care,Moderate exercise,Low,"Interactive, peaceful",Prone to fin rot and skin infections,25
Gourami,Fish,Asia,Medium; 10-15 cm,4-6 years,Peaceful,No coat,Various colors,Easy to moderate care,Moderate exercise,Low,"Interactive, peaceful",Prone to fin rot and skin infections,25
Firemouth Cichlid,Fish,Central America,Medium; 10-15 cm,10-15 years,Aggressive,No coat,Red with blue,Moderate care,Moderate exercise,Low,"Colorful, territorial",Prone to fin rot and cichlid disease,30
Rainbow Shark,Fish,Asia,Medium; 10-15 cm,5-7 years,Aggressive,No coat,Gray with red fins,Moderate care,Moderate exercise,Low,"Active, territorial",Prone to fin rot,25
Midas Cichlid,Fish,Central America,Large; 30-40 cm,10-15 years,Aggressive,No coat,Gold,Moderate to high care,Moderate exercise,Low,"Territorial, colorful",Prone to cichlid disease and fin rot,50
Firemouth Cichlid,Fish,Central America,Medium; 10-15 cm,10-15 years,Aggressive,No coat,Red with blue,Moderate care,Moderate exercise,Low,"Colorful, territorial",Prone to fin rot and cichlid disease,35
Electric Blue Hap,Fish,Africa,Medium; 15-20 cm,10-15 years,Aggressive,No coat,Electric blue,High care,Moderate exercise,Low,"Colorful, territorial",Prone to Malawi bloat,60
Peacock Cichlid,Fish,Africa,Medium; 15-20 cm,10-15 years,Aggressive,No coat,Various colors,Moderate to high care,Moderate exercise,Low,"Colorful, territorial",Prone to cichlid disease,50
Corydoras Sterbai,Fish,South America,Small; 5-8 cm,5-10 years,Peaceful,No coat,Spotted,Easy to care for,Minimal exercise,Low,"Bottom-dwelling, social",Prone to skin infections,20
Rainbowfish,Fish,Australia,Medium; 8-10 cm,5-10 years,Peaceful,No coat,Various colors,Easy to care for,Moderate exercise,Low,"Active, social",Prone to fin rot and disease,30
Guppy,Fish,South America,Small; 3-6 cm,2-3 years,Peaceful,No coat,Various colors,Easy to care for,Minimal exercise,Low,"Active, colorful, and hardy",Prone to fin rot and dropsy,10
Black Skirt Tetra,Fish,South America,Small; 5-7 cm,5-10 years,Peaceful,No coat,Black with silver,Easy to care for,Minimal exercise,Low,"Active, schooling fish",Prone to fin rot,18
White Cloud Mountain Minnow,Fish,Asia,Small; 3-5 cm,2-5 years,Peaceful,No coat,Silver with red,Easy to care for,Minimal exercise,Low,"Hardy, active",Prone to fin rot and skin infections,15
Paradise Fish,Fish,Asia,Small; 8-10 cm,4-6 years,Aggressive,No coat,Various colors,Moderate care,Moderate exercise,Low,"Colorful, territorial",Prone to fin rot and skin infections,25
Kribensis,Fish,West Africa,Small; 7-10 cm,5-10 years,Peaceful,No coat,Purple with red,Easy to care for,Moderate exercise,Low,"Colorful, peaceful",Prone to fin rot,20
Siamese Algae Eater,Fish,Asia,Medium; 15-20 cm,5-10 years,Peaceful,No coat,Various colors,Easy to care for,Moderate exercise,Low,"Algae-eating, social",Prone to skin infections,22
Endler's Livebearer,Fish,Venezuela,Small; 2-4 cm,2-3 years,Peaceful,No coat,Various colors,Easy to care for,Minimal exercise,Low,"Colorful, active",Prone to fin rot and dropsy,15
Celestial Pearl Danio,Fish,Asia,Small; 2-3 cm,2-5 years,Peaceful,No coat,Various colors,Easy to care for,Minimal exercise,Low,"Active, colorful",Prone to disease if water quality is poor,18
White Skirt Tetra,Fish,South America,Small; 5-7 cm,5-10 years,Peaceful,No coat,White,Easy to care for,Minimal exercise,Low,"Active, schooling fish",Prone to fin rot,20
Rosy Barb,Fish,Asia,Medium; 10-12 cm,5-7 years,Peaceful,No coat,Pink with silver,Easy to care for,Moderate exercise,Low,"Active, hardy",Prone to fin rot and dropsy,18
Rainbow Shark,Fish,Asia,Medium; 10-15 cm,5-7 years,Aggressive,No coat,Gray with red fins,Moderate care,Moderate exercise,Low,"Active, territorial",Prone to fin rot,25
Yellow Lab Cichlid,Fish,Africa,Medium; 10-15 cm,10-15 years,Peaceful,No coat,Yellow,Moderate care,Moderate exercise,Low,"Colorful, social",Prone to Malawi bloat,35
Banded Rainbowfish,Fish,Australia,Medium; 8-12 cm,5-10 years,Peaceful,No coat,Various colors,Easy to care for,Moderate exercise,Low,"Active, social",Prone to fin rot and disease,30
Blood Parrot Cichlid,Fish,Central America,Medium; 15-20 cm,10-15 years,Aggressive,No coat,Orange,Moderate to high care,Moderate exercise,Low,"Colorful, territorial",Prone to cichlid disease and fin rot,50
Apistogramma,Fish,South America,Small; 5-7 cm,3-5 years,Peaceful,No coat,Various colors,Easy to care for,Minimal exercise,Low,"Colorful, peaceful",Prone to fin rot and dropsy,25
Kribensis,Fish,West Africa,Small; 7-10 cm,5-10 years,Peaceful,No coat,Purple with red,Easy to care for,Moderate exercise,Low,"Colorful, peaceful",Prone to fin rot,20
Clown Pleco,Fish,South America,Small; 7-10 cm,5-10 years,Peaceful,No coat,Brown with orange,Moderate care,Minimal exercise,Low,"Algae-eating, nocturnal",Prone to skin infections,25
African Butterflyfish,Fish,Africa,Medium; 20-25 cm,5-10 years,Aggressive,No coat,Brown with gold,Moderate to high care,Moderate exercise,Low,"Predatory, requires large tank",Prone to skin infections,50
Gold Gourami,Fish,Asia,Medium; 10-15 cm,4-6 years,Peaceful,No coat,Gold,Easy to moderate care,Moderate exercise,Low,"Interactive, peaceful",Prone to fin rot and skin infections,30
Emperor Tetra,Fish,South America,Small; 4-6 cm,5-7 years,Peaceful,No coat,Blue with red,Easy to care for,Minimal exercise,Low,"Active, peaceful",Prone to disease if water quality is poor,20
Giant Gourami,Fish,Asia,Large; 30-40 cm,10-15 years,Peaceful,No coat,Gray,Moderate to high care,Moderate exercise,Low,"Requires large tank, slow-moving",Prone to skin infections,70
